  [
   
  {
    "id": 293725,
    "name": "Rehovot",
    "country": "IL",
    "coord": {
      "lon": 34.818611,
      "lat": 31.89694
    }
  },
  {
    "id": 294071,
    "name": "Netanya",
    "country": "IL",
    "coord": {
      "lon": 34.859921,
      "lat": 32.33292
    }
  },
  {
    "id": 293783,
    "name": "Ramat HaSharon",
    "country": "IL",
    "coord": {
      "lon": 34.841671,
      "lat": 32.147221
    }
  },
  {
    "id": 294502,
    "name": "Kefar Tavor",
    "country": "IL",
    "coord": {
      "lon": 35.421181,
      "lat": 32.686562
    }
  },
  {
    "id": 294027,
    "name": "Nirim",
    "country": "IL",
    "coord": {
      "lon": 34.395069,
      "lat": 31.33559
    }
  },
  {
    "id": 293198,
    "name": "Jerusalem District",
    "country": "IL",
    "coord": {
      "lon": 35,
      "lat": 31.75
    }
  },
  {
    "id": 294377,
    "name": "Mahseya",
    "country": "IL",
    "coord": {
      "lon": 35.007038,
      "lat": 31.748541
    }
  },
  {
    "id": 293279,
    "name": "Urim",
    "country": "IL",
    "coord": {
      "lon": 34.523281,
      "lat": 31.304331
    }
  },
  {
    "id": 293361,
    "name": "Tel Litwinsky",
    "country": "IL",
    "coord": {
      "lon": 34.848061,
      "lat": 32.05389
    }
  },
  {
    "id": 293823,
    "name": "Qiryat Tiv‘on",
    "country": "IL",
    "coord": {
      "lon": 35.12722,
      "lat": 32.723888
    }
  },
  {
    "id": 293969,
    "name": "Or ‘Aqiva",
    "country": "IL",
    "coord": {
      "lon": 34.920872,
      "lat": 32.506401
    }
  },
    {
    "id": 293253,
    "name": "Yafo",
    "country": "IL",
    "coord": {
      "lon": 34.752239,
      "lat": 32.05043
    }
  },
  {
    "id": 293690,
    "name": "Rosh HaAyin",
    "country": "IL",
    "coord": {
      "lon": 34.945831,
      "lat": 32.09417
    }
  },
  {
    "id": 293822,
    "name": "Qiryat Yam",
    "country": "IL",
    "coord": {
      "lon": 35.070278,
      "lat": 32.85083
    }
  },
  {
    "id": 294244,
    "name": "Mevo Betar",
    "country": "IL",
    "coord": {
      "lon": 35.106689,
      "lat": 31.721769
    }
  },
  {
    "id": 294604,
    "name": "Kafr Qasim",
    "country": "IL",
    "coord": {
      "lon": 34.973888,
      "lat": 32.11417
    }
  },
  {
    "id": 294608,
    "name": "Kafr Manda",
    "country": "IL",
    "coord": {
      "lon": 35.260281,
      "lat": 32.80722
    }
  },
  {
    "id": 294610,
    "name": "Kafr Kanna",
    "country": "IL",
    "coord": {
      "lon": 35.342419,
      "lat": 32.746601
    }
  },
  {
    "id": 294981,
    "name": "Givat Shemuel",
    "country": "IL",
    "coord": {
      "lon": 34.846668,
      "lat": 32.075279
    }
  },
  {
    "id": 295127,
    "name": "Tirah",
    "country": "IL",
    "coord": {
      "lon": 34.95023,
      "lat": 32.2341
    }
  },
  {
    "id": 6693674,
    "name": "Petah Tikva",
    "country": "IL",
    "coord": {
      "lon": 34.885029,
      "lat": 32.09174
    }
  },
  {
    "id": 6693679,
    "name": "Modiin",
    "country": "IL",
    "coord": {
      "lon": 34.999008,
      "lat": 31.90729
    }
  },
    {
    "id": 294097,
    "name": "Nazerat Illit",
    "country": "IL",
    "coord": {
      "lon": 35.32468,
      "lat": 32.70816
    }
  },
   {
    "id": 294063,
    "name": "Nevatim",
    "country": "IL",
    "coord": {
      "lon": 34.88208,
      "lat": 31.224159
    }
  },
  {
    "id": 295410,
    "name": "Binyamina",
    "country": "IL",
    "coord": {
      "lon": 34.944988,
      "lat": 32.523201
    }
  },
  {
    "id": 294035,
    "name": "Nir‘am",
    "country": "IL",
    "coord": {
      "lon": 34.580059,
      "lat": 31.51959
    }
  },
  {
    "id": 295714,
    "name": "Allonim",
    "country": "IL",
    "coord": {
      "lon": 35.141941,
      "lat": 32.720001
    }
  },
  {
    "id": 295080,
    "name": "Gan Yavne",
    "country": "IL",
    "coord": {
      "lon": 34.706589,
      "lat": 31.787371
    }
  },
    {
    "id": 293222,
    "name": "Yavne",
    "country": "IL",
    "coord": {
      "lon": 34.740002,
      "lat": 31.87639
    }
  },

  {
    "id": 293426,
    "name": "Tamra",
    "country": "IL",
    "coord": {
      "lon": 35.20472,
      "lat": 32.84861
    }
  },
  {
    "id": 293619,
    "name": "Sederot",
    "country": "IL",
    "coord": {
      "lon": 34.596931,
      "lat": 31.525
    }
  },
 
  {
    "id": 294166,
    "name": "Mitzpe Ramon",
    "country": "IL",
    "coord": {
      "lon": 34.801109,
      "lat": 30.609444
    }
  },
  {
    "id": 8199420,
    "name": "Oranit",
    "country": "IL",
    "coord": {
      "lon": 34.99094,
      "lat": 32.131649
    }
  },
   {
    "id": 294074,
    "name": "Ness Ziona",
    "country": "IL",
    "coord": {
      "lon": 34.798679,
      "lat": 31.929331
    }
  },
  {
    "id": 294777,
    "name": "Herzliyya B",
    "country": "IL",
    "coord": {
      "lon": 34.816669,
      "lat": 32.166672
    }
  },
  {
    "id": 293788,
    "name": "Ramat Gan",
    "country": "IL",
    "coord": {
      "lon": 34.814171,
      "lat": 32.080559
    }
  },
  {
    "id": 294117,
    "name": "Nahariyya",
    "country": "IL",
    "coord": {
      "lon": 35.09409,
      "lat": 33.005859
    }
  },
  {
    "id": 294800,
    "name": "Haifa District",
    "country": "IL",
    "coord": {
      "lon": 35,
      "lat": 32.583328
    }
  },
  {
    "id": 294801,
    "name": "Haifa",
    "country": "IL",
    "coord": {
      "lon": 34.98917,
      "lat": 32.815559
    }
  },
  {
    "id": 293962,
    "name": "Or Yehuda",
    "country": "IL",
    "coord": {
      "lon": 34.845829,
      "lat": 32.031109
    }
  },
   {
    "id": 293322,
    "name": "Tiberias",
    "country": "IL",
    "coord": {
      "lon": 35.531239,
      "lat": 32.792198
    }
  },
  {
    "id": 294751,
    "name": "Holon",
    "country": "IL",
    "coord": {
      "lon": 34.772221,
      "lat": 32.011391
    }
  },
  {
    "id": 295277,
    "name": "Eilat",
    "country": "IL",
    "coord": {
      "lon": 34.948212,
      "lat": 29.55805
    }
  },
  {
    "id": 294946,
    "name": "Hadera",
    "country": "IL",
    "coord": {
      "lon": 34.919559,
      "lat": 32.436451
    }
  },
  {
    "id": 294760,
    "name": "Hod HaSharon",
    "country": "IL",
    "coord": {
      "lon": 34.888329,
      "lat": 32.150829
    }
  },
  {
    "id": 294577,
    "name": "Karmiel",
    "country": "IL",
    "coord": {
      "lon": 35.304169,
      "lat": 32.917221
    }
  },
  {
    "id": 295064,
    "name": "Gedera",
    "country": "IL",
    "coord": {
      "lon": 34.77998,
      "lat": 31.81456
    }
  },
   {
    "id": 295548,
    "name": "Bat Yam",
    "country": "IL",
    "coord": {
      "lon": 34.750278,
      "lat": 32.02306
    }
  },
  {
    "id": 295435,
    "name": "Bet Shean",
    "country": "IL",
    "coord": {
      "lon": 35.5,
      "lat": 32.5
    }
  },
  {
    "id": 293768,
    "name": "Ramla",
    "country": "IL",
    "coord": {
      "lon": 34.86694,
      "lat": 31.92528
    }
  },
  {
    "id": 294098,
    "name": "Nazareth",
    "country": "IL",
    "coord": {
      "lon": 35.295559,
      "lat": 32.703609
    }
  },
  {
    "id": 293992,
    "name": "Ofaqim",
    "country": "IL",
    "coord": {
      "lon": 34.620251,
      "lat": 31.3141
    }
  },
  {
    "id": 295584,
    "name": "Azor",
    "country": "IL",
    "coord": {
      "lon": 34.810558,
      "lat": 32.019169
    }
  },
  {
    "id": 294492,
    "name": "Kefar Yona",
    "country": "IL",
    "coord": {
      "lon": 34.93507,
      "lat": 32.316689
    }
  },
  {
    "id": 294508,
    "name": "Kefar Shemaryahu",
    "country": "IL",
    "coord": {
      "lon": 34.821941,
      "lat": 32.185558
    }
  },
  {
    "id": 295514,
    "name": "Bene Beraq",
    "country": "IL",
    "coord": {
      "lon": 34.839722,
      "lat": 32.090279
    }
  },
  {
    "id": 294421,
    "name": "Lod",
    "country": "IL",
    "coord": {
      "lon": 34.895279,
      "lat": 31.951389
    }
  },
  {
    "id": 294514,
    "name": "Kfar Saba",
    "country": "IL",
    "coord": {
      "lon": 34.90694,
      "lat": 32.174999
    }
  },
  {
    "id": 293844,
    "name": "Qiryat Bialik",
    "country": "IL",
    "coord": {
      "lon": 35.085831,
      "lat": 32.827499
    }
  },
  {
    "id": 293845,
    "name": "Qiryat Ata",
    "country": "IL",
    "coord": {
      "lon": 35.106392,
      "lat": 32.80056
    }
  },
  {
    "id": 295620,
    "name": "Ashqelon",
    "country": "IL",
    "coord": {
      "lon": 34.571491,
      "lat": 31.66926
    }
  },
  {
    "id": 294210,
    "name": "Migdal HaEmeq",
    "country": "IL",
    "coord": {
      "lon": 35.240559,
      "lat": 32.671391
    }
  },
  {
    "id": 293703,
    "name": "Rishon LeZiyyon",
    "country": "IL",
    "coord": {
      "lon": 34.80444,
      "lat": 31.96417
    }
  },
  {
    "id": 295328,
    "name": "Dimona",
    "country": "IL",
    "coord": {
      "lon": 35.033329,
      "lat": 31.066669
    }
  },
  {
    "id": 295530,
    "name": "Beersheba",
    "country": "IL",
    "coord": {
      "lon": 34.791302,
      "lat": 31.25181
    }
  },
  {
    "id": 293831,
    "name": "Qiryat Motzkin",
    "country": "IL",
    "coord": {
      "lon": 35.075279,
      "lat": 32.836391
    }
  },
   {
    "id": 294068,
    "name": "Netivot",
    "country": "IL",
    "coord": {
      "lon": 34.588581,
      "lat": 31.42215
    }
  },
   {
    "id": 293825,
    "name": "Qiryat Shemona",
    "country": "IL",
    "coord": {
      "lon": 35.572121,
      "lat": 33.207329
    }
  },
  {
    "id": 294778,
    "name": "Herzliyya",
    "country": "IL",
    "coord": {
      "lon": 34.83667,
      "lat": 32.165829
    }
  },
  {
    "id": 295740,
    "name": "‘Afula",
    "country": "IL",
    "coord": {
      "lon": 35.291672,
      "lat": 32.611111
    }
  },
   {
    "id": 293100,
    "name": "Zefat",
    "country": "IL",
    "coord": {
      "lon": 35.500488,
      "lat": 32.965641
    }
  },
   {
    "id": 294999,
    "name": "Givatayim",
    "country": "IL",
    "coord": {
      "lon": 34.811668,
      "lat": 32.069721
    }
  }

]


